Workbook
Name ChecklistTotal: SUM(#REF!)
Name ColumnTitle1: HealthReport!$B$29:$L$41
Name ColumnTitle2: #REF!
Name ColumnTitle3: #REF!
Name RowTitleRegion1..C7: HealthReport!$C$4
Name SchoolYear: YEAR(TODAY())&" - "&YEAR(TODAY())+1
Name SumItemsBought: COUNTIF(HealthReport!$L$29:$L$41,">0")
Name SumItemsToBuy: COUNTIF(HealthReport!$H$29:$H$41,">0")

Sheet HealthReport
C1: 健康检查报告 | F1: Health Report
C3: Server Info | H3: DataBase Info
C4: 主机名 | E4: myzdb100 | H4: 数据库名 | J4: APC2DB
C5: IP地址 | E5: 10.0.2.15 1.1.1.100 | H5: 数据库版本 | J5: Oracle Database 19c Enterprise Edition Version 19.11.0.0.0
C6: 操作系统 | E6: Linux x86_64 | H6: 数据库架构 | J6: SINGLE INSTANCE
C7: 系统版本 | E7: Linux.Red Hat Enterprise Linux release 8.8 (Ootpa) | H7: 主备库角色 | J7: PRIMARY,MAXIMUM PERFORMANCE | P7: =19.8/12 -> 1.65
C8: CPU Info | E8: 12th Gen Intel(R) Core(TM) i5-12400F 4 | H8: 是否开启归档 | J8: ARCHIVELOG
C9: 内存 | E9: 7 GB | H9: 数据库字符集 | J9: AMERICAN_AMERICA.US7ASCII
C10: 主机平台 | E10: Physical Server | H10: 数据库大小 (当前已使用) | J10: 1513.200 GB
C13: Issue summary | H13: ="Health status ("&COUNTIFS(HealthReport!$L$29:$L$41, ">0")&" of "&COUNTIFS(HealthReport!$H$29:$H$41, ">0")&")" -> Health status (0 of 0)
D14: 重要 | E14: 普通 | F14: 轻微
C15: 主机系统 | D15: 0 | E15: 1 | F15: 0
C16: 数据库分析 | D16: 0 | E16: 0 | F16: 0
C17: 实例分析 | D17: 0 | E17: 0 | F17: 0
C18: 数据库性能 | D18: 0 | E18: 0 | F18: 0
C19: 数据库集群 | D19: 0 | E19: 0 | F19: 0
C20: DataGuard | D20: 0 | E20: 0 | F20: 0
C21: 数据库备份 | D21: 0 | E21: 0 | F21: 0
C22: 数据库安全 | D22: 0 | E22: 0 | F22: 0
C23: 软件使用 | D23: 0 | E23: 0 | F23: 0
C24: 其他项检查 | D24: 0 | E24: 0 | F24: 0
C27: Issue list
B28: No. | C28: 问题类别 | D28: 检查项 | F28: 结果 | G28: 影响 | H28: 问题描述及建议 | L28: =SUM(HealthReport!$F$29:$F$41)/130 -> 0.52307692
B29: 1 | C29: 主机系统分析 | D29: CPU负载检查 | F29: 10 | G29: {=_xlfn.IFS(HealthReport!$F29>=10,"PASS",HealthReport!$F29=8,"轻微",HealthReport!$F29=5,"普通",HealthReport!$F29=0,"重要")} -> PASS | L29: =HYPERLINK("#OS!B5","Detail") -> Detail
B30: 2 | C30: 主机系统分析 | D30: 内存使用检查 | F30: 10 | G30: {=_xlfn.IFS(HealthReport!$F30>=10,"PASS",HealthReport!$F30=8,"轻微",HealthReport!$F30=5,"普通",HealthReport!$F30=0,"重要")} -> PASS | L30: =HYPERLINK("#OS!B5","Detail") -> Detail
B31: 3 | C31: 主机系统分析 | D31: 磁盘IO负载检查 | F31: 10 | G31: {=_xlfn.IFS(HealthReport!$F31>=10,"PASS",HealthReport!$F31=8,"轻微",HealthReport!$F31=5,"普通",HealthReport!$F31=0,"重要")} -> PASS | L31: =HYPERLINK("#OS!B5","Detail") -> Detail
B32: 4 | C32: 主机系统分析 | D32: 文件系统使用率 | F32: 5 | G32: {=_xlfn.IFS(HealthReport!$F32>=10,"PASS",HealthReport!$F32=8,"轻微",HealthReport!$F32=5,"普通",HealthReport!$F32=0,"重要")} -> 普通 | L32: =HYPERLINK("#OS!B5","Detail") -> Detail
B33: 5 | C33: 主机系统分析 | D33: 索引资源节点使用率 | F33: 10 | G33: {=_xlfn.IFS(HealthReport!$F33>=10,"PASS",HealthReport!$F33=8,"轻微",HealthReport!$F33=5,"普通",HealthReport!$F33=0,"重要")} -> PASS | L33: =HYPERLINK("#OS!A1","Detail") -> Detail
B34: 6 | C34: 主机系统分析 | D34: 主机透明大页检查 | F34: 10 | G34: {=_xlfn.IFS(HealthReport!$F34>=10,"PASS",HealthReport!$F34=8,"轻微",HealthReport!$F34=5,"普通",HealthReport!$F34=0,"重要")} -> PASS | L34: =HYPERLINK("#OS!A1","Detail") -> Detail
B35: 7 | C35: 数据库实例分析 | D35: 内核参数 | F35: 8 | G35: {=_xlfn.IFS(HealthReport!$F35>=10,"PASS",HealthReport!$F35=8,"轻微",HealthReport!$F35=5,"普通",HealthReport!$F35=0,"重要")} -> 轻微 | L35: =HYPERLINK("#OS!A1","Detail") -> Detail
B36: 8 | C36: 数据库实例分析 | D36: 资源限制 | F36: 5 | G36: {=_xlfn.IFS(HealthReport!$F36>=10,"PASS",HealthReport!$F36=8,"轻微",HealthReport!$F36=5,"普通",HealthReport!$F36=0,"重要")} -> 普通 | L36: =HYPERLINK("#OS!A1","Detail") -> Detail
B37: 9 | C37: 数据库实例分析 | D37: NUMA使用检查 | F37: 0 | G37: {=_xlfn.IFS(HealthReport!$F37>=10,"PASS",HealthReport!$F37=8,"轻微",HealthReport!$F37=5,"普通",HealthReport!$F37=0,"重要")} -> 重要 | L37: =HYPERLINK("#OS!A1","Detail") -> Detail
B38: 10 | C38: 数据库实例分析 | D38: 数据库状态检查 | F38: 0 | G38: {=_xlfn.IFS(HealthReport!$F38>=10,"PASS",HealthReport!$F38=8,"轻微",HealthReport!$F38=5,"普通",HealthReport!$F38=0,"重要")} -> 重要 | L38: =HYPERLINK("#OS!A1","Detail") -> Detail
B39: 11 | C39: 数据库备份检查 | D39: 表空间使用率 | F39: 0 | G39: {=_xlfn.IFS(HealthReport!$F39>=10,"PASS",HealthReport!$F39=8,"轻微",HealthReport!$F39=5,"普通",HealthReport!$F39=0,"重要")} -> 重要 | L39: =HYPERLINK("#OS!A1","Detail") -> Detail
B40: 12 | C40: 数据库安全检查 | F40: 0 | G40: {=_xlfn.IFS(HealthReport!$F40>=10,"PASS",HealthReport!$F40=8,"轻微",HealthReport!$F40=5,"普通",HealthReport!$F40=0,"重要")} -> 重要 | L40: =HYPERLINK("#OS!A1","Detail") -> Detail
B41: 13 | C41: 其他项检查 | F41: 0 | G41: {=_xlfn.IFS(HealthReport!$F41>=10,"PASS",HealthReport!$F41=8,"轻微",HealthReport!$F41=5,"普通",HealthReport!$F41=0,"重要")} -> 重要 | H41: **** | L41: =HYPERLINK("#OS!A1","Detail") -> Detail

Sheet OS
A1: 节点 | B1: NodeID
A2: 主机名 | B2: Hostname
A3: IP地址 | B3: Ipaddr
A4: 操作系统 | B4: Os
A5: 系统版本 | B5: Relver
A6: CPU Info | B6: Cores
A7: CPU 主频 | B7: Cpumhz | E7: =HYPERLINK("#HealthReport!B30","Retrun") -> Retrun
A8: 内存 | B8: Memtotal
A9: 主机平台 | B9: Machine_platform
A10: 交换分区 | B10: Swaptotal
A11: 内核参数 | B11: Osparameter
A12: ULIMIT限制 | B12: Ulimit
A13: 系统日志 | B13: Oslog
A14: 文件系统使用率 | B14: Filesystem
A15: 索引资源使用率 | B15: Inodeusage
A16: CPU使用 | B16: Cpustat
A17: 内存使用 | B17: Memstat
A18: 磁盘IO负载 | B18: Iostat
A19: 透明大页 | B19: Thpstat
... A30: 安全漏洞RPM包检查 | B30: RPM_PACKAGES

Sheet DB
A1: 节点 | B1: NodeID
A2: 数据库名称 | B2: Dbname
A3: 数据库架构 | B3: Dbmaa
A4: 数据库版本 | B4: Dbver
A5: 数据库状态 | B5: Dbstatus
A6: 字符集 | B6: Dblang
A7: 是否开启归档 | B7: Logmode
A8: 是否开启闪回 | B8: Flashback
A9: 数据库当前使用大小 | B9: Dbcursize
A10: 数据文件总大小 | B10: Dbf_size
A11: 数据文件数量 | B11: Dbf_cnt
A12: 数据文件状态检查 | B12: Dbf_stat
... A45: ASM磁盘偏移检查 | B45: Asm_offset

Sheet INST
A1: 节点 | B1: NodeID
A2: 实例名 | B2: Instname
A3: 数据库负载 | B3: Loadprofile
A4: 数据库运行效率 | B4: Instefficiency
A5: Top等待 | B5: Topevent
A6: Top SQL(耗时) | B6: Topsql_by_ela
A7: 游标>300M检查 | B7: Cursor_share_mem
A8: 资源使用检查 | B8: Dbresource
A9: PSU&RU | B9: Dbpsu
A10: 数据库补丁 | B10: Dbpatch
A11: 监听检查 | B11: Dblsnrinfo
A12: 数据库参数 | B12: Dbparameter
... A20: DG同步报错检查 | B20: Dbdgerrcheck
